,album,artists,duration_ms,id,name,popularity,artist_id,genres,danceability,energy,speechiness,acousticness,instrumentalness,valence,tempo
0,"{'album_type': 'album', 'name': 'Noise Complaint', 'release_date': '2017-03-01', 'total_tracks': 13, 'uri': 'spotify:album:3O0ADFFtbXVRMf1x2fiClS'}",Koe Wetzel,204352,7ptJYMKI7Y1iWdqEZtBMGE,Something to Talk About,75,1Tie3AZgLQZqYEp8Fv4zOZ,['classic texas country'],0.612,0.934,0.0663,0.049,0.0,0.293,130.006
1,"{'album_type': 'single', 'name': '3 Songs At A Time Sampler', 'release_date': '2023-01-31', 'total_tracks': 3, 'uri': 'spotify:album:7fOmdhRrRohTzToL617xkk'}",Morgan Wallen,163854,59uQI0PADDKeE6UZDTJEe8,Last Night,91,4oUHIQIBe0LHzYfvXNW4QM,['contemporary country'],0.517,0.675,0.0357,0.459,0.0,0.518,203.853
2,"{'album_type': 'album', 'name': 'Goodbye Normal Street', 'release_date': '2012-05-08', 'total_tracks': 11, 'uri': 'spotify:album:0bbz2cwhC8oQtyli5tjaqP'}",Turnpike Troubadours,277613,1ku4L6AywP1gY36BKYRvg0,"Gin, Smoke, Lies",60,1YSA4byX5AL1zoTsSTlB03,"['modern southern rock', 'red dirt']",0.501,0.721,0.0372,0.00987,4.04e-05,0.81,174.02
3,"{'album_type': 'album', 'name': 'Imaginary Appalachia', 'release_date': '2015-06-02', 'total_tracks': 7, 'uri': 'spotify:album:1widYgH6RNVOxnLOiVeihU'}",Colter Wall,236026,7hlA8gMMz6jSp91Twsnuv3,The Devil Wears a Suit and Tie,75,3xYXYzm9H3RzyQgBrYwIcx,"['canadian americana', 'canadian contemporary country', 'outlaw country', 'saskatchewan indie']",0.625,0.319,0.0805,0.79,0.104,0.438,127.799
4,"{'album_type': 'single', 'name': 'Starting Over', 'release_date': '2020-08-27', 'total_tracks': 1, 'uri': 'spotify:album:4AOloVYcXn1aa4p4IhwhRM'}",Chris Stapleton,240413,3TNSVsiFngfe68UJpMq1oS,Starting Over,70,4YLtscXsxbVgi031ovDDdh,"['contemporary country', 'outlaw country']",0.638,0.538,0.0315,0.452,0.000415,0.318,89.124
5,"{'album_type': 'single', 'name': 'You Proof', 'release_date': '2022-05-13', 'total_tracks': 1, 'uri': 'spotify:album:2ORO3nNnFXxsvz9Pcd9RdI'}",Morgan Wallen,157477,5uU1uuyaUIBOiiUSQG7Wl3,You Proof,80,4oUHIQIBe0LHzYfvXNW4QM,['contemporary country'],0.731,0.85,0.0336,0.252,0.0,0.644,119.706
6,"{'album_type': 'album', 'name': '717 Tapes the Album', 'release_date': '2022-09-30', 'total_tracks': 15, 'uri': 'spotify:album:1GI8XiKz756eajoeB4onFU'}",Warren Zeiders,157991,2mTwhPI0EKjXmqRd1SEjjy,Dark Night - 717 Tapes,66,7kplJl06UmldxLKseURAYi,['modern country pop'],0.78,0.682,0.0341,0.153,0.0,0.609,120.083
7,"{'album_type': 'single', 'name': 'Going, Going, Gone (Acoustic)', 'release_date': '2022-12-16', 'total_tracks': 1, 'uri': 'spotify:album:5RX6HtG6iq8geKRFduycI8'}",Luke Combs,166101,261mlNfSZhoIZSFhRevAkE,"Going, Going, Gone - Acoustic",66,718COspgdWOnwOFpJHRZHS,"['contemporary country', 'country']",0.408,0.306,0.0413,0.901,0.0,0.323,168.066
8,"{'album_type': 'single', 'name': 'Rock and A Hard Place', 'release_date': '2022-06-10', 'total_tracks': 5, 'uri': 'spotify:album:7Gqqhy2ohX3puChylfkvT0'}",Bailey Zimmerman,207540,4686eQ81DEswHa90bcdlC9,Rock and A Hard Place,68,3win9vGIxFfBRag9S63wwf,['modern country pop'],0.582,0.568,0.0275,0.577,0.0,0.394,121.991
9,"{'album_type': 'single', 'name': '23', 'release_date': '2021-05-14', 'total_tracks': 1, 'uri': 'spotify:album:2iooIm9txIXCow2rvSg7Aa'}",Chayce Beckham,228144,2ixkIrn45mNfdLDLHuyfRt,23,78,5ujvZU2thXjZgFKPUt1rDt,['modern country pop'],0.626,0.583,0.0318,0.276,0.0,0.428,87.977
10,"{'album_type': 'album', 'name': 'Firewater', 'release_date': '2011-04-26', 'total_tracks': 12, 'uri': 'spotify:album:5YrOTxB5pmtK6uD4qcpAw5'}",Whiskey Myers,220186,6P7kZB7hSJFyaYJcu3cYQJ,Ballad Of A Southern Man,70,26opZSJcXshCmCwxgZQmBc,"['classic texas country', 'modern southern rock']",0.605,0.53,0.0261,0.432,0.0,0.38,73.986
11,"{'album_type': 'album', 'name': 'The SteelDrivers', 'release_date': '2008-01-15', 'total_tracks': 11, 'uri': 'spotify:album:4OIcFaouZZHOK6HDQNPRYV'}",The Steeldrivers,209413,5RQsNib1m9Hxo2AIjJcdpK,Blue Side Of The Mountain,67,3bLSAQPeix7Xm2e5Gtn48R,"['bluegrass', 'modern southern rock', 'neo-traditional bluegrass', 'new americana']",0.586,0.657,0.0286,0.631,0.00833,0.512,134.358
12,"{'album_type': 'album', 'name': 'Goodbye Normal Street', 'release_date': '2012-05-08', 'total_tracks': 11, 'uri': 'spotify:album:0bbz2cwhC8oQtyli5tjaqP'}",Turnpike Troubadours,301000,0pghPocTwFg6ckBUs52SQ8,Good Lord Lorrie,65,1YSA4byX5AL1zoTsSTlB03,"['modern southern rock', 'red dirt']",0.555,0.649,0.0284,0.274,0.0,0.581,78.994
13,"{'album_type': 'single', 'name': 'Beer Never Broke My Heart', 'release_date': '2019-05-08', 'total_tracks': 1, 'uri': 'spotify:album:4NiEW0J6PCsvdxS2ocAqtd'}",Luke Combs,186800,5eDvChP4WAPPrtaQeI9MhT,Beer Never Broke My Heart,0,718COspgdWOnwOFpJHRZHS,"['contemporary country', 'country']",0.54,0.863,0.0481,0.0138,0.0,0.64,77.0
14,"{'album_type': 'album', 'name': 'The Wondering Kind', 'release_date': '2000-02-04', 'total_tracks': 13, 'uri': 'spotify:album:3JPVtJSTIFZUo8gqinTjtA'}",Neil Murray,273533,4GJorpNVRxPdnJs955Dysi,Good Light in Broome,43,0n9GlXRDsFC1OQutjpiw81,"['australian indigenous', 'bush ballad']",0.724,0.824,0.0676,0.269,7.46e-05,0.793,127.904
15,"{'album_type': 'album', 'name': 'Copperhead Road', 'release_date': '1988-01-01', 'total_tracks': 10, 'uri': 'spotify:album:2XHFLRzTwQMQL8hrGeQoMC'}",Steve Earle,270733,1HChuZvDKwcl76LvaGExeo,Copperhead Road,56,2UBTfUoLI07iRqGeUrwhZh,"['alternative country', 'classic texas country', 'country rock', 'folk', 'heartland rock', 'outlaw country', 'roots rock', 'singer-songwriter']",0.391,0.597,0.0406,0.0209,0.000102,0.693,156.096
16,"{'album_type': 'compilation', 'name': ""Songs From The South: Paul Kelly's Greatest Hits 1985-2019"", 'release_date': '2019-11-15', 'total_tracks': 43, 'uri': 'spotify:album:3LeZDyDDPmgUZpQgIfrB1a'}",Paul Kelly,204257,4Yzdv2SudI9WVn4xdwp3mA,Leaps And Bounds,32,0SNWoGaDlrCompmg9rXeNq,"['australian indigenous', 'australian rock']",0.492,0.846,0.0325,0.0346,0.00365,0.298,125.516
17,"{'album_type': 'album', 'name': 'Starting Over', 'release_date': '2020-11-13', 'total_tracks': 14, 'uri': 'spotify:album:0sOeI7pbAmIc8aDFyvkBUW'}",Chris Stapleton,213493,2UikqkwBv7aIvlixeVXHWt,You Should Probably Leave,84,4YLtscXsxbVgi031ovDDdh,"['contemporary country', 'outlaw country']",0.602,0.477,0.032,0.268,3.1e-05,0.552,183.89
18,"{'album_type': 'single', 'name': ""Never Comin' Home"", 'release_date': '2021-02-03', 'total_tracks': 1, 'uri': 'spotify:album:4GhGSIS6nha0XoeSQHRyq8'}",Bailey Zimmerman,194270,4hEA25qUMn3camHI87UhiI,Never Comin' Home,71,3win9vGIxFfBRag9S63wwf,['modern country pop'],0.556,0.59,0.029,0.25,0.0,0.573,143.972
19,"{'album_type': 'album', 'name': 'Green', 'release_date': '2017-04-13', 'total_tracks': 10, 'uri': 'spotify:album:0CMxHLevRj2JnccItXTYcA'}",Kody West,243240,2P38H0wA557qiDpZ09M2dn,Million Miles,61,0tiMRuAR7sxuiSmC6Mf4Ek,"['classic texas country', 'red dirt']",0.49,0.832,0.0352,0.00154,0.000453,0.407,142.001
20,"{'album_type': 'single', 'name': 'Lost', 'release_date': '2020-09-02', 'total_tracks': 1, 'uri': 'spotify:album:50zBAWv16sT8wmKa7kXXcP'}",Bryan Martin,199901,7dV8pNMbLCRF2UxESRSvQQ,Lost,13,0ChjBYedhZTQnWZWQYg15U,['modern country pop'],0.422,0.736,0.0373,0.118,0.00183,0.267,79.237
21,"{'album_type': 'album', 'name': 'The Writers Collection Volume One', 'release_date': '2017-04-21', 'total_tracks': 12, 'uri': 'spotify:album:2sMg0bLTdmmYLrBp378LG2'}",Matt Mason,228826,1XBGTp6OqwYaYhemH3aMKT,E,69,3l130bxGOP8cZMezRc13Xk,"['modern country pop', 'modern country rock']",0.657,0.736,0.0768,0.0817,0.0,0.379,113.96
22,"{'album_type': 'album', 'name': 'Deep South', 'release_date': '2017-03-10', 'total_tracks': 11, 'uri': 'spotify:album:4VRIpRxvAMvewEHzy2GCtc'}",Josh Turner,215080,5C6uh95eAL0RBTSGXKQwvk,Hometown Girl,67,7vCtweS8UVAXTyau2j0rDT,"['contemporary country', 'country', 'country road']",0.502,0.792,0.0335,0.304,0.0385,0.44,155.902
23,"{'album_type': 'single', 'name': 'Speakers, Bleachers And Preachers', 'release_date': '2017-07-07', 'total_tracks': 1, 'uri': 'spotify:album:4oEmOHztzoUXl0HiigGCFp'}",Brandon Lay,192920,5TMVx89wRJaep6rI111aqp,"Speakers, Bleachers And Preachers",56,0H7XMkYygCyZGg8o1uqoZv,"['contemporary country', 'country pop', 'modern country rock']",0.603,0.604,0.0273,0.321,0.0,0.641,96.07
24,"{'album_type': 'single', 'name': 'Wild Cue', 'release_date': '2022-04-08', 'total_tracks': 3, 'uri': 'spotify:album:2RkWdzFsNTu6IMjmcXI0to'}",Will Harrison,190293,24h9SZnpUaGwKIMzZDrFbu,Baptized and Buried,49,01vcSVQOpFHutiYq0lrBwt,[],0.676,0.428,0.0427,0.322,0.858,0.305,77.942
25,"{'album_type': 'album', 'name': 'GIRL', 'release_date': '2019-03-08', 'total_tracks': 16, 'uri': 'spotify:album:3XpxioqzCTiqOSuHTXuaGf'}",Maren Morris,197293,7yFhA2fUsL2oIMWlw5DaHQ,The Bones,76,6WY7D3jk8zTrHtmkqqo5GI,"['classic texas country', 'contemporary country']",0.612,0.57,0.0347,0.278,0.0,0.334,77.004
26,"{'album_type': 'single', 'name': 'Joe', 'release_date': '2023-02-24', 'total_tracks': 1, 'uri': 'spotify:album:3SfvfIU7ttLjbdRuu3L9fI'}",Luke Combs,218533,5epEhWhXug9oAjJZVgIMVS,Joe,62,718COspgdWOnwOFpJHRZHS,"['contemporary country', 'country']",0.583,0.658,0.0296,0.0149,0.0,0.437,76.004
27,"{'album_type': 'album', 'name': 'Folksinger, Vol. 2', 'release_date': '2017-09-15', 'total_tracks': 11, 'uri': 'spotify:album:1bNtGD7H0PNHXgpBtG8yjL'}",Willie Watson,246146,3kzC56beZ1IoAuvhJkLgW2,Gallows Pole,39,5j9IEu1SEY0JslCPmfVsgq,"['alternative country', 'new americana', 'western americana']",0.318,0.153,0.0397,0.831,0.0263,0.324,188.243
28,"{'album_type': 'album', 'name': 'Waylon', 'release_date': '1970-01-01', 'total_tracks': 11, 'uri': 'spotify:album:3nHP4UZSgbW3dFdABgHagI'}",Waylon Jennings,172520,4LULo8Ihyu1a3WTDseVhpV,Don't Play The Game,22,7wCjDgV6nqBsHguQXPAaIM,"['classic texas country', 'country', 'outlaw country']",0.626,0.309,0.0257,0.69,4.21e-05,0.722,96.35
29,"{'album_type': 'album', 'name': 'Mama Tried/ Pride In What I Am', 'release_date': '2006-01-01', 'total_tracks': 29, 'uri': 'spotify:album:7LmhShcQUdQf0vbfa6VUPn'}",Merle Haggard,134453,6h3YJ05BovN1Pgk145J3r9,Mama Tried,63,2ptmyXoL7poH6Zq62h1QT9,"['bakersfield sound', 'country', 'country rock', 'nashville sound', 'outlaw country']",0.738,0.538,0.0374,0.719,1.35e-05,0.81,97.487
30,"{'album_type': 'album', 'name': 'Lifers', 'release_date': '2018-07-27', 'total_tracks': 11, 'uri': 'spotify:album:7ATjaMdT66SKP2AjrDvQ1J'}",Cody Jinks,205333,6VChAU4QENeLwf3OaHBJxC,Must Be The Whiskey,70,2v7wIbCkIzxOfT3GnqCexD,"['classic texas country', 'modern southern rock', 'outlaw country']",0.546,0.786,0.0401,0.0915,8.67e-05,0.679,126.003
31,"{'album_type': 'single', 'name': 'Tyler Childers | OurVinyl Sessions', 'release_date': '2017-05-30', 'total_tracks': 3, 'uri': 'spotify:album:5sq27ZYs7W505sAiNt9P4D'}",Tyler Childers,204000,4yokHrXHSukhHh4byNVlWB,Nose on the Grindstone (OurVinyl Sessions),1,13ZEDW6vyBF12HYcZRr4EV,"['kentucky indie', 'kentucky roots', 'outlaw country']",0.441,0.283,0.0744,0.738,0.0,0.389,76.026
32,"{'album_type': 'single', 'name': 'Outlaws & Outsiders', 'release_date': '2019-11-15', 'total_tracks': 1, 'uri': 'spotify:album:1FMwktOdGcAx5tzgdHRUf4'}",Cory Marks,197234,4OBrZqJzkwdDaXoYVfmIw7,Outlaws & Outsiders,57,17pJAHDfdLvGuUwl2DkEgv,[],0.5,0.866,0.0443,0.0575,0.0,0.629,176.189
33,"{'album_type': 'album', 'name': 'California Sunrise', 'release_date': '2016-05-13', 'total_tracks': 12, 'uri': 'spotify:album:1DTBcVfk3zXPHRmgpY6rFZ'}",Jon Pardi,201893,7f08qp3HROTkfrtNpiYGGo,Dirt On My Boots,79,4MoAOfV4ROWofLG3a3hhBN,"['contemporary country', 'country', 'country road', 'modern country rock']",0.683,0.796,0.0285,0.111,0.0,0.531,90.031
34,"{'album_type': 'album', 'name': 'Imaginary Appalachia', 'release_date': '2015-06-02', 'total_tracks': 7, 'uri': 'spotify:album:1widYgH6RNVOxnLOiVeihU'}",Colter Wall,192480,3Ozx6IrGdoQyAworJzvBDE,Sleeping on the Blacktop,78,3xYXYzm9H3RzyQgBrYwIcx,"['canadian americana', 'canadian contemporary country', 'outlaw country', 'saskatchewan indie']",0.567,0.311,0.0455,0.822,0.23,0.478,83.11
35,"{'album_type': 'single', 'name': 'Thought You Should Know', 'release_date': '2022-05-06', 'total_tracks': 1, 'uri': 'spotify:album:4kbT7O8zsXUw8CZvhBR46i'}",Morgan Wallen,215571,6NHpyYvJyQsg2nXXzGYc2R,Thought You Should Know,75,4oUHIQIBe0LHzYfvXNW4QM,['contemporary country'],0.529,0.695,0.0278,0.488,1.24e-05,0.514,139.993
36,"{'album_type': 'single', 'name': 'Quiet, Heavy Dreams', 'release_date': '2020-11-27', 'total_tracks': 6, 'uri': 'spotify:album:70KAbDjO08A8nfTLShbraZ'}",Zach Bryan,197226,0Is8zshpnWUiFQJIYAMrQN,Crooked Teeth,72,40ZNYROS4zLfyyBSs2PGe2,"['classic oklahoma country', 'modern country pop']",0.77,0.403,0.0445,0.548,0.0,0.658,99.428
37,"{'album_type': 'album', 'name': 'Self Inflicted Scars', 'release_date': '2022-04-29', 'total_tracks': 12, 'uri': 'spotify:album:58ViqrwmHv3WGBhgOnXTbZ'}",Bryan Martin,199901,6gy7EVF1e6nQPIQTZAPN0C,Lost,39,0ChjBYedhZTQnWZWQYg15U,['modern country pop'],0.301,0.73,0.0412,0.119,0.00218,0.284,76.864
38,"{'album_type': 'single', 'name': 'The Jealous Kind (Live from the Church)', 'release_date': '2023-02-03', 'total_tracks': 1, 'uri': 'spotify:album:1KSDcbkwcDd1XrjYz8Lpx0'}",Charles Wesley Godwin,215347,5s39a54LU092WwtEGoOmtp,The Jealous Kind (Live from the Church),28,2ErsJAz6qJ5cqjoVAvfvaC,[],0.475,0.805,0.0415,0.0379,1.37e-05,0.509,140.168
39,"{'album_type': 'album', 'name': 'American Heartbreak', 'release_date': '2022-05-20', 'total_tracks': 34, 'uri': 'spotify:album:7IouDrXPdAZwT1NzVV3vef'}",Zach Bryan,204491,5O2WP1NItY8oqe6UsXrJ0X,This Road I Know,60,40ZNYROS4zLfyyBSs2PGe2,"['classic oklahoma country', 'modern country pop']",0.397,0.279,0.0649,0.807,0.0113,0.397,87.955
40,"{'album_type': 'single', 'name': 'Fall In Love', 'release_date': '2022-02-11', 'total_tracks': 4, 'uri': 'spotify:album:532HZrT6uAekC4urDonoXa'}",Bailey Zimmerman,232058,5gVCfYmQRPy1QJifP8f5gg,Fall In Love,64,3win9vGIxFfBRag9S63wwf,['modern country pop'],0.524,0.643,0.0297,0.451,0.0,0.397,135.962
41,"{'album_type': 'single', 'name': 'Where It Ends', 'release_date': '2022-08-19', 'total_tracks': 5, 'uri': 'spotify:album:7bLUJsXoEiVopKhg1syj2l'}",Bailey Zimmerman,179294,7lNezbnIXBbgNmFOa9dt1c,Where It Ends,69,3win9vGIxFfBRag9S63wwf,['modern country pop'],0.431,0.837,0.0432,0.259,0.0,0.648,170.041
42,"{'album_type': 'album', 'name': 'Uncle John Farquhar', 'release_date': '2014-08-05', 'total_tracks': 13, 'uri': 'spotify:album:6UyRuvbRIr2qqQUnsHtXNG'}","Goodnight, Texas",165777,0Sl9ZPmJDMSmslkhRn5W3i,A Bank Robber's Nursery Rhyme,56,5ammRFhN6wQXM30xlhndC5,['rebel blues'],0.469,0.602,0.0297,0.582,3.58e-05,0.666,95.02
43,"{'album_type': 'album', 'name': 'Good Times', 'release_date': '2004-09-21', 'total_tracks': 11, 'uri': 'spotify:album:4vHUA1pDoYFTaxuCNOhK2z'}",Charlie Robison,234240,7DXNTiUCWJvomSGEGMr3H8,New Year's Day,60,1VGRi6hlsYcOhKut02Tqkt,['classic texas country'],0.607,0.614,0.0264,0.248,0.0,0.623,130.092
44,"{'album_type': 'single', 'name': 'Small Town Crazy', 'release_date': '2021-04-30', 'total_tracks': 1, 'uri': 'spotify:album:4edQ6eoWIo3YotjFAZwVxq'}",Bailey Zimmerman,162352,5AQBsu4oDjhKJui3jT1jbD,Small Town Crazy,61,3win9vGIxFfBRag9S63wwf,['modern country pop'],0.502,0.877,0.0746,0.0129,0.0,0.696,170.123
45,"{'album_type': 'single', 'name': 'Straight and Narrow', 'release_date': '2022-11-30', 'total_tracks': 1, 'uri': 'spotify:album:3THvfv2GtFgLL45lknPgiu'}",Sam Barber,199874,3ZJd3PCBk8ibpO8DVlkCsF,Straight and Narrow,42,08GfvCW09pv2QP4y9sle2a,['modern country pop'],0.507,0.277,0.0342,0.47,2.3e-05,0.361,127.322
46,"{'album_type': 'album', 'name': ""I'm Countryfied"", 'release_date': '1980-11-10', 'total_tracks': 10, 'uri': 'spotify:album:3F88UQZzP3fmw2p3m2j9l5'}",Mel McDaniel,144186,50PU05RTGva8laKDwxED9Y,Louisiana Saturday Night,72,1fMdO9vLUd6wW4jbMeNiup,"['classic country pop', 'classic oklahoma country', 'country']",0.686,0.622,0.0857,0.532,0.0,0.982,163.245
47,"{'album_type': 'single', 'name': ""That's Why We Fight (feat. Koe Wetzel)"", 'release_date': '2023-04-21', 'total_tracks': 1, 'uri': 'spotify:album:5JosqecYhWy8ikWQtYVLel'}",Ella Langley,163973,33MnBkmn4aV4AbUQS17eYU,That's Why We Fight (feat. Koe Wetzel),63,6BRxQ8cD3eqnrVj6WKDok8,['modern country pop'],0.362,0.841,0.121,0.0324,0.0,0.362,205.95
48,"{'album_type': 'album', 'name': 'Woodface', 'release_date': '1991-06-24', 'total_tracks': 14, 'uri': 'spotify:album:1QSoW668F9DVj8Rk9azF7h'}",Crowded House,224466,6tXnRSvuNgOq4QcxpIN54r,Weather With You,73,7ohlPA8dRBtCf92zaZCaaB,"['australian rock', 'permanent wave']",0.643,0.614,0.0279,0.25,7.17e-06,0.891,93.982
49,"{'album_type': 'album', 'name': 'Oklahoma', 'release_date': '2020-05-01', 'total_tracks': 8, 'uri': 'spotify:album:0WiOb4EttRiuPO0C9Ofoxh'}",Josh Meloy,236823,32GtaR8mm14DOmhWzG8Jik,Met the Devil in Oklahoma,67,3EVsC9ZK7QMDuK4FPcZaEq,"['classic oklahoma country', 'oklahoma country', 'red dirt', 'texas country']",0.647,0.458,0.0263,0.22,2.13e-05,0.272,131.96
50,"{'album_type': 'album', 'name': ""All I've Been Through"", 'release_date': '2016-04-08', 'total_tracks': 13, 'uri': 'spotify:album:5psIlZ3k87u9PKb7j6NaWQ'}",Charlie Farley,221184,1d9byRlBztKAbNozguO3Oy,Southern Summertime (feat. Colt Ford & Daniel Lee),0,7c9KnWYDsZgK8k5QiCi9wk,"['country rap', 'redneck']",0.656,0.739,0.0435,0.0896,0.0,0.51,100.135
51,"{'album_type': 'album', 'name': ""Gettin' Old"", 'release_date': '2023-03-24', 'total_tracks': 18, 'uri': 'spotify:album:5Uly85dJHHDfHQCsyUQ8gw'}",Luke Combs,265493,1Lo0QY9cvc8sUB2vnIOxDT,Fast Car,92,718COspgdWOnwOFpJHRZHS,"['contemporary country', 'country']",0.712,0.603,0.0262,0.186,0.0,0.67,97.994
52,"{'album_type': 'album', 'name': 'The Life of Riley', 'release_date': '2011-04-01', 'total_tracks': 17, 'uri': 'spotify:album:6uHyRbVe97kYyIduxJq6AT'}",Drapht,202733,1wVc5Ht2YtveeJOriuu79C,Rapunzel,57,4Q6bcEc5YCypvMZ5kjaTMp,"['australian hip hop', 'australian underground hip hop', 'west australian hip hop']",0.737,0.869,0.065,0.0337,0.0,0.842,120.034
53,"{'album_type': 'single', 'name': 'Where It Ends', 'release_date': '2022-08-19', 'total_tracks': 5, 'uri': 'spotify:album:7bLUJsXoEiVopKhg1syj2l'}",Bailey Zimmerman,232058,7uZIfaiJ5dxXhrOGQrtqzG,Fall In Love,41,3win9vGIxFfBRag9S63wwf,['modern country pop'],0.524,0.643,0.0297,0.451,0.0,0.397,135.962
54,"{'album_type': 'album', 'name': 'Balls Ups, Ballads & Bullshit', 'release_date': '2014-08-23', 'total_tracks': 20, 'uri': 'spotify:album:3V9Ml3Vq1GyxfFljS1zMwE'}",Clay Tallstories,219760,7CY51qJaiKfTtxUEctxLzr,My Toyota Landcruiser,33,60spnKvKrJFilwObVL6FFC,[],0.451,0.41,0.0742,0.762,0.0,0.654,78.052
55,"{'album_type': 'album', 'name': 'Ghetto Cowboy', 'release_date': '2019-11-01', 'total_tracks': 14, 'uri': 'spotify:album:2dTnaecImWLJOMrJgF5HAt'}",Yelawolf,242001,53QA7j4pHWAtbE3D0Glh7Q,You and Me,69,68DWke2VjdDmA75aJX5C57,['alabama rap'],0.598,0.448,0.0342,0.109,0.00105,0.0727,140.97
56,"{'album_type': 'single', 'name': '4runner', 'release_date': '2023-04-28', 'total_tracks': 1, 'uri': 'spotify:album:3I7cYBHqayM3NGqX6tG5m2'}",Brenn!,265453,1RaF9xwakfao1RRknWyYB5,4runner,79,74slMAMk8L6oMf6OhNyZ8Q,['singer-songwriter pop'],0.792,0.518,0.0847,0.326,0.000182,0.512,128.025
57,"{'album_type': 'single', 'name': 'Something in the Orange', 'release_date': '2022-04-22', 'total_tracks': 4, 'uri': 'spotify:album:1CmTOKCeyz1aHH04OwvTPv'}",Zach Bryan,228013,3WMj8moIAXJhHsyLaqIIHI,Something in the Orange,90,40ZNYROS4zLfyyBSs2PGe2,"['classic oklahoma country', 'modern country pop']",0.369,0.192,0.04,0.555,8.35e-06,0.148,175.212
58,"{'album_type': 'single', 'name': 'Heading South', 'release_date': '2019-09-30', 'total_tracks': 1, 'uri': 'spotify:album:3Ca58JR3vDDMl5i8QKkWzP'}",Zach Bryan,171692,2Dct3GykKZ58hpWRFfe2Qd,Heading South,85,40ZNYROS4zLfyyBSs2PGe2,"['classic oklahoma country', 'modern country pop']",0.68,0.246,0.058,0.783,0.0,0.388,110.23
59,"{'album_type': 'album', 'name': 'American Heartbreak', 'release_date': '2022-05-20', 'total_tracks': 34, 'uri': 'spotify:album:7IouDrXPdAZwT1NzVV3vef'}",Zach Bryan,163031,1SjsVdSXpwm1kTdYEHoPIT,Sun to Me,84,40ZNYROS4zLfyyBSs2PGe2,"['classic oklahoma country', 'modern country pop']",0.505,0.27,0.0333,0.593,0.0,0.557,98.721
60,"{'album_type': 'single', 'name': 'Burn, Burn, Burn', 'release_date': '2022-09-08', 'total_tracks': 1, 'uri': 'spotify:album:4popczz4SYRg2NPcgwKHsR'}",Zach Bryan,268856,5jfhLCSIFUO4ndzNRh4w4G,"Burn, Burn, Burn",82,40ZNYROS4zLfyyBSs2PGe2,"['classic oklahoma country', 'modern country pop']",0.508,0.296,0.0755,0.897,5e-05,0.134,82.532
61,"{'album_type': 'album', 'name': 'Whitey Ford Sings the Blues', 'release_date': '1998-09-08', 'total_tracks': 18, 'uri': 'spotify:album:4ebpJ41hnGAIBZ8Cwua250'}",Everlast,303133,6vUPPEN2V2lZ78b6DyEIjZ,What It's Like,72,14ZxDAK6ITtZZqPdiWrvSn,[],0.679,0.557,0.0281,0.0904,0.0324,0.405,85.152
62,"{'album_type': 'single', 'name': 'Eat Your Young', 'release_date': '2023-03-17', 'total_tracks': 3, 'uri': 'spotify:album:1GOa0Bsm7eeVIJglLcoLWX'}",Hozier,242293,2Jw3VjB1xy5KHBqEeAC6VK,Eat Your Young,76,2FXC3k01G6Gw61bmprjgqS,"['irish singer-songwriter', 'modern rock', 'pop', 'pov: indie']",0.553,0.587,0.0277,0.345,0.1,0.346,90.018
63,"{'album_type': 'album', 'name': 'Almost Healed', 'release_date': '2023-05-26', 'total_tracks': 21, 'uri': 'spotify:album:6ciIG1XKTlVIn0Yl8rvsce'}",Lil Durk,219173,1fXnu2HzxbDtoyvFPWG3Bw,Stand By Me (feat. Morgan Wallen),87,3hcs9uc56yIGFCSy9leWe7,"['chicago drill', 'chicago rap', 'drill', 'hip hop', 'rap', 'trap']",0.756,0.582,0.0343,0.0592,0.0,0.605,134.07
64,"{'album_type': 'album', 'name': 'Eye To The Telescope', 'release_date': '2005-01-01', 'total_tracks': 12, 'uri': 'spotify:album:3j70PDKieTWQAwas3bPHRZ'}",KT Tunstall,201706,5p9XWUdvbUzmPCukOmwoU3,Suddenly I See,77,5zzrJD2jXrE9dZ1AklRFcL,"['lilith', 'neo mellow', 'pop rock', 'scottish singer-songwriter']",0.587,0.767,0.0449,0.225,0.0,0.664,100.38
65,"{'album_type': 'album', 'name': 'Pendulum (Expanded Edition)', 'release_date': '1970-12-07', 'total_tracks': 13, 'uri': 'spotify:album:372cMadhAGlNuDnc8TssqF'}",Creedence Clearwater Revival,160133,2LawezPeJhN4AWuSB0GtAU,Have You Ever Seen The Rain,89,3IYUhFvPQItj6xySrBmZkd,"['classic rock', 'country rock', 'rock', 'southern rock', 'swamp rock']",0.741,0.697,0.0277,0.0664,2.28e-05,0.774,116.109
66,"{'album_type': 'album', 'name': 'Green River (Expanded Edition)', 'release_date': '1969-08-03', 'total_tracks': 14, 'uri': 'spotify:album:0i9mOB6mPGqwVvtJEXiwPG'}",Creedence Clearwater Revival,154120,11DjZQEZ69EXLo77HVj6yW,Green River,77,3IYUhFvPQItj6xySrBmZkd,"['classic rock', 'country rock', 'rock', 'southern rock', 'swamp rock']",0.702,0.772,0.0277,0.0312,0.00837,0.973,141.694
67,"{'album_type': 'album', 'name': 'Bayou Country (Expanded Edition)', 'release_date': '1969-01-05', 'total_tracks': 11, 'uri': 'spotify:album:5pCRW9AT4BgoMOS52pRoJq'}",Creedence Clearwater Revival,187213,6pxWv6GV35VGmcPf5dh6CH,Proud Mary,79,3IYUhFvPQItj6xySrBmZkd,"['classic rock', 'country rock', 'rock', 'southern rock', 'swamp rock']",0.699,0.641,0.0289,0.13,0.000218,0.728,120.745
68,"{'album_type': 'album', 'name': ""Cosmo's Factory"", 'release_date': '1970-07-24', 'total_tracks': 11, 'uri': 'spotify:album:5w2X5ZmdE4u0XGkOU7BiLG'}",Creedence Clearwater Revival,159172,56dtB7EzO7EneUgYwX8krC,Up Around The Bend,77,3IYUhFvPQItj6xySrBmZkd,"['classic rock', 'country rock', 'rock', 'southern rock', 'swamp rock']",0.606,0.908,0.037,0.00532,0.823,0.773,130.12
69,"{'album_type': 'album', 'name': 'The Balcony', 'release_date': '2014-09-15', 'total_tracks': 11, 'uri': 'spotify:album:0C0OFASoQC57yC12vQhCwN'}",Catfish and the Bottlemen,160886,1MHYAqWWdDRePmnqORynrq,Kathleen,70,2xaAOVImG2O6lURwqperlD,"['modern alternative rock', 'modern rock', 'stomp pop', 'welsh rock']",0.489,0.892,0.0786,0.000369,0.00293,0.598,137.93
70,"{'album_type': 'album', 'name': 'Asterisk the Universe', 'release_date': '2020-06-12', 'total_tracks': 10, 'uri': 'spotify:album:1OYEoXxO9QXcnBNV6Y9jEb'}",John Craigie,194614,0exVC0ue4dRE2FRBFCRG4w,Don't Ask,46,7ytgyYmtUPfxXHsXEvgObK,"['indie folk', 'new americana', 'western americana']",0.628,0.663,0.0624,0.807,0.000286,0.669,87.942
71,"{'album_type': 'album', 'name': 'Mud', 'release_date': '2016-09-09', 'total_tracks': 10, 'uri': 'spotify:album:73umj4b9Y8amNnJk6diicy'}",Whiskey Myers,335622,4rJesaufMl2xD0f2G8Xgnd,Stone,73,26opZSJcXshCmCwxgZQmBc,"['classic texas country', 'modern southern rock']",0.438,0.477,0.031,0.243,7.8e-06,0.176,137.645
72,"{'album_type': 'album', 'name': 'Elisabeth', 'release_date': '2020-05-08', 'total_tracks': 18, 'uri': 'spotify:album:3TkSm0esbUBPygKvMrwWQn'}",Zach Bryan,221250,2QfX9Pdz3q66fN3kCXl0Js,Revival,79,40ZNYROS4zLfyyBSs2PGe2,"['classic oklahoma country', 'modern country pop']",0.464,0.366,0.047,0.772,1.58e-05,0.328,78.846
73,"{'album_type': 'album', 'name': 'American Heartbreak', 'release_date': '2022-05-20', 'total_tracks': 34, 'uri': 'spotify:album:7IouDrXPdAZwT1NzVV3vef'}",Zach Bryan,190780,2gJj6WtAxXjApMs3PXsCeX,Heavy Eyes,77,40ZNYROS4zLfyyBSs2PGe2,"['classic oklahoma country', 'modern country pop']",0.471,0.912,0.0724,0.032,0.0,0.613,139.667
74,"{'album_type': 'single', 'name': 'Basic Channels', 'release_date': '2023-05-10', 'total_tracks': 1, 'uri': 'spotify:album:6zrGwKqL2sJ6bkni0tY9Sc'}",Josiah and the Bonnevilles,114683,4gnJLzWvpsVPHybDPoWW9H,Basic Channels,63,3FMcVBx2TMq2f5gEPcUieC,"['modern folk rock', 'stomp and holler']",0.618,0.338,0.0323,0.427,0.0,0.295,142.639
75,"{'album_type': 'compilation', 'name': 'The Best Of 20 Years', 'release_date': '1994-11-25', 'total_tracks': 20, 'uri': 'spotify:album:2pDAgibofMuBVMLX2vnw8q'}",Chris Norman,235960,5Gv0KcM2idgDOvRkcU3IN8,Stumblin' In,54,5rIqOJspxDq89aBBCUda1X,[],0.752,0.734,0.0361,0.0155,2.22e-05,0.868,129.279
76,"{'album_type': 'album', 'name': 'Sadnecessary (Acoustic Version)', 'release_date': '2022-04-20', 'total_tracks': 11, 'uri': 'spotify:album:09SbGYWO9I7924ggHaM18y'}",Milky Chance,185339,3XjNIRMZhz8dzM1XkD2VS0,Flashed Junk Mind - Acoustic Version,62,1hzfo8twXdOegF3xireCYs,"['german pop', 'modern rock']",0.817,0.371,0.0382,0.764,1.54e-05,0.41,115.877
77,"{'album_type': 'album', 'name': 'Tres Hombres (Expanded 2006 Remaster)', 'release_date': '1973-07-26', 'total_tracks': 13, 'uri': 'spotify:album:0Em8m9kRctyH9S3MTXAHvY'}",ZZ Top,230480,70YvYr2hGlS01bKRIho1HM,La Grange - 2005 Remaster,82,2AM4ilv6UzW0uMRuqKtDgN,"['album rock', 'blues rock', 'classic rock', 'hard rock', 'rock']",0.545,0.64,0.224,0.00249,0.0304,0.606,80.544
78,"{'album_type': 'album', 'name': 'Purgatory', 'release_date': '2017-08-04', 'total_tracks': 10, 'uri': 'spotify:album:35LcGAeeMwVeIJrDpB3Gkz'}",Tyler Childers,280786,0fbR95FEaJUxiQYaqZZukv,Whitehouse Road,75,13ZEDW6vyBF12HYcZRr4EV,"['kentucky indie', 'kentucky roots', 'outlaw country']",0.607,0.739,0.0274,0.114,0.000234,0.875,84.467
79,"{'album_type': 'single', 'name': 'Last Train To Nowhere', 'release_date': '2023-07-14', 'total_tracks': 1, 'uri': 'spotify:album:194b6KWWEOdwDe19wO13eh'}",Ghost Hounds,216613,4qx1YtrtGyG4sRrYx6PgKR,Last Train To Nowhere,45,69cpkpEaffiFjwcE19bvor,[],0.512,0.718,0.0288,0.00236,0.0,0.236,87.891
80,"{'album_type': 'album', 'name': 'BAD TO THE BONE', 'release_date': '1982-01-01', 'total_tracks': 10, 'uri': 'spotify:album:2YeoeDa3soxjD4ANZGG1fj'}",George Thorogood & The Destroyers,292173,6s0NHplywwr1IjnQpUpWJk,Bad To The Bone,73,4n31svBA9GGIYxGxgrQaRK,"['album rock', 'blues rock', 'classic rock', 'country rock', 'hard rock', 'heartland rock', 'mellow gold', 'rock']",0.459,0.727,0.0303,0.00614,0.0652,0.955,149.231
81,"{'album_type': 'album', 'name': 'Poets & Old Souls', 'release_date': '2023-03-31', 'total_tracks': 9, 'uri': 'spotify:album:19X9Ts9AYIRrqthSTf3qss'}",Bryan Martin,188482,72kGuWpRiuA149Bn5lDkIO,We Ride,80,0ChjBYedhZTQnWZWQYg15U,['modern country pop'],0.62,0.706,0.0251,0.0755,7.78e-06,0.591,81.989
82,"{'album_type': 'single', 'name': 'Summertime Blues', 'release_date': '2022-07-15', 'total_tracks': 9, 'uri': 'spotify:album:2qPki6xBkJ1Mbra43t7hnA'}",Zach Bryan,220885,50Emgupm363qIrYBe20FR3,Quittin' Time,74,40ZNYROS4zLfyyBSs2PGe2,"['classic oklahoma country', 'modern country pop']",0.557,0.725,0.0388,0.215,9.21e-06,0.54,143.34
83,"{'album_type': 'single', 'name': 'Forest Lake Guitar Jam (Remastered Version)', 'release_date': '2023-03-16', 'total_tracks': 1, 'uri': 'spotify:album:1Zw6CajnmIolzfSpg1l97U'}",Kyle Davis,124287,28eIYbnK2Llal9vwCujhAG,Forest Lake Guitar Jam - Remastered Version,28,2IVeWYgDKnXcuissDe0jYz,[],0.519,0.644,0.0315,9.27e-05,0.846,0.315,79.991
84,"{'album_type': 'album', 'name': 'Purgatory', 'release_date': '2017-08-04', 'total_tracks': 10, 'uri': 'spotify:album:35LcGAeeMwVeIJrDpB3Gkz'}",Tyler Childers,221600,48nZLOpJOINkICPWpUuhaN,Universal Sound,72,13ZEDW6vyBF12HYcZRr4EV,"['kentucky indie', 'kentucky roots', 'outlaw country']",0.672,0.437,0.0368,0.85,0.261,0.636,101.588
